name,category,code,image_url,brand,inventory,market_price,price,maker,country_of_origin,delivery_method,delivery_fee,sub_category,condition,option,option_price,description
[안동한우]갈비 특선세트1호,199,02-01,http://bizmkt.interparkb2b.co.kr/data/goods/other/bizmkt//02-01.jpg,안동봉화축협,999,167000,157800,안동봉화축협,한국,101,0,2,100,,,찜갈비 800g×3
[안동한우]갈비 특선세트2호,199,02-01-01,http://bizmkt.interparkb2b.co.kr/data/goods/other/bizmkt//02-01-01.jpg,안동봉화축협,999,267000,252300,안동봉화축협,한국,101,0,2,100,,,찜갈비 800g×5
[안동한우]한아름세트1호,199,02-02,http://bizmkt.interparkb2b.co.kr/data/goods/other/bizmkt//02-02.jpg,안동봉화축협,999,156000,147800,안동봉화축협,한국,101,0,2,100,,,"갈비 800g, 등심 700g, 불고기 700g"
[안동한우]한아름세트2호,199,02-02-01,http://bizmkt.interparkb2b.co.kr/data/goods/other/bizmkt//02-02-01.jpg,안동봉화축협,999,202000,191200,안동봉화축협,한국,101,0,2,100,,,"갈비 800g, 등심 700g, 국거리 700g, 불고기 700g, 사태 700g"
[안동한우]으뜸로스2호,199,02-03,http://bizmkt.interparkb2b.co.kr/data/goods/other/bizmkt//02-03.jpg,안동봉화축협,999,250000,236700,안동봉화축협,한국,101,0,2,100,,,"안심 700g, 채끝 700g, 차돌박이 700g, 불고기 700g, 등심 700g"
[강강술래]한우불고기세트1호,199,02-04,http://bizmkt.interparkb2b.co.kr/data/goods/other/bizmkt//02-04.jpg,㈜강강술래,999,52000,47300,㈜강강술래,한국,101,0,1,100,,,양념불고기 900g×2
[강강술래]한우불고기세트2호,199,02-04-01,http://bizmkt.interparkb2b.co.kr/data/goods/other/bizmkt//02-04-01.jpg,㈜강강술래,999,110000,94500,㈜강강술래,한국,101,0,1,100,,,양념불고기 900g×4
[강강술래]실속세트,199,02-05,http://bizmkt.interparkb2b.co.kr/data/goods/other/bizmkt//02-05.jpg,㈜강강술래,999,135000,122300,㈜강강술래,한국,101,0,1,100,,,"불고기 900g×2, 양념갈비 16대"
[경기광주축협]자연채 갈비세트1호,199,03-01,http://bizmkt.interparkb2b.co.kr/data/goods/other/bizmkt//03-01.jpg,경기광주축협,999,150000,135600,경기광주축협,한국,101,0,2,100,,,찜갈비 800g×3
[경기광주축협]자연채 갈비세트2호,199,03-01-01,http://bizmkt.interparkb2b.co.kr/data/goods/other/bizmkt//03-01-01.jpg,경기광주축협,999,190000,175600,경기광주축협,한국,101,0,2,100,,,"찜갈비 800g×4, 양념장"
[경기광주축협]자연채 갈비세트3호,199,03-01-02,http://bizmkt.interparkb2b.co.kr/data/goods/other/bizmkt//03-01-02.jpg,경기광주축협,999,230000,213400,경기광주축협,한국,101,0,2,100,,,찜갈비 800g×5
[경기광주축협]자연채 갈비혼합세트알뜰2호,199,03-02,http://bizmkt.interparkb2b.co.kr/data/goods/other/bizmkt//03-02.jpg,경기광주축협,999,110000,101200,경기광주축협,한국,101,0,2,100,,,"찜갈비 800g, 국거리 600g, 불고기 600g"
[경기광주축협]자연채 로스구이세트1호,199,03-03,http://bizmkt.interparkb2b.co.kr/data/goods/other/bizmkt//03-03.jpg,경기광주축협,999,190000,175600,경기광주축협,한국,101,0,2,100,,,등심 600g×3
[경기광주축협]자연채 혼합세트2품,199,03-04,http://bizmkt.interparkb2b.co.kr/data/goods/other/bizmkt//03-04.jpg,경기광주축협,999,185000,171200,경기광주축협,한국,101,0,2,100,,,"등심 600g×2, 국거리 600g, 불고기 600g, 양념장"
[경기광주축협]자연채 혼합세트3품,199,03-04-01,http://bizmkt.interparkb2b.co.kr/data/goods/other/bizmkt//03-04-01.jpg,경기광주축협,999,68000,62300,경기광주축협,한국,101,0,2,100,,,"국거리 600g, 불고기 600g, 양념장"
[경기광주축협]자연채 혼합세트4품,199,03-04-02,http://bizmkt.interparkb2b.co.kr/data/goods/other/bizmkt//03-04-02.jpg,경기광주축협,999,95000,85600,경기광주축협,한국,101,0,2,100,,,"국거리 600g, 불고기 600g, 적거리 600g, "
[경기광주축협]자연채 효드림세트1품,199,03-05,http://bizmkt.interparkb2b.co.kr/data/goods/other/bizmkt//03-05.jpg,경기광주축협,999,86000,78900,경기광주축협,한국,101,0,2,100,,,"우족 2kg, 사태 600g"
[경기광주축협]자연채 효드림세트2품,199,03-05-01,http://bizmkt.interparkb2b.co.kr/data/goods/other/bizmkt//03-05-01.jpg,경기광주축협,999,85000,76700,경기광주축협,한국,101,0,2,100,,,"사골 2kg, 사태 600g"
[경기광주축협]자연채 꼬리세트1호,199,03-06,http://bizmkt.interparkb2b.co.kr/data/goods/other/bizmkt//03-06.jpg,경기광주축협,999,193000,181200,경기광주축협,한국,101,0,2,100,,,꼬리 9kg
[경기광주축협]자연채 꼬리세트2호,199,03-06-01,http://bizmkt.interparkb2b.co.kr/data/goods/other/bizmkt//03-06-01.jpg,경기광주축협,999,98000,91200,경기광주축협,한국,101,0,2,100,,,꼬리 4kg
[名品횡성한우]명품세트1호,199,04-01,http://bizmkt.interparkb2b.co.kr/data/goods/other/bizmkt//04-01.jpg,㈜명품횡성청정한우,999,400000,357800,㈜명품횡성청정한우,한국,101,0,2,100,,,"등심 700g×2, 로스 700g×2, 특수부위 700g"
[名品횡성한우]명품세트2호,199,04-01-01,http://bizmkt.interparkb2b.co.kr/data/goods/other/bizmkt//04-01-01.jpg,㈜명품횡성청정한우,999,230000,213400,㈜명품횡성청정한우,한국,101,0,2,100,,,"등심 700g, 로스 700g, 특수부위 700g"
[名品횡성한우]명품세트3호,199,04-02,http://bizmkt.interparkb2b.co.kr/data/goods/other/bizmkt//04-02.jpg,㈜명품횡성청정한우,999,198000,183400,㈜명품횡성청정한우,한국,101,0,2,100,,,"등심 600g, 로스 600g, 특수부위 600g"
[名品횡성한우]명품세트4호,199,04-02-01,http://bizmkt.interparkb2b.co.kr/data/goods/other/bizmkt//04-02-01.jpg,㈜명품횡성청정한우,999,135000,125600,㈜명품횡성청정한우,한국,101,0,2,100,,,"로스 600g, 불고기 600g, 국거리 600g"
[名品횡성한우]특품 찜갈비세트1호,199,04-03,http://bizmkt.interparkb2b.co.kr/data/goods/other/bizmkt//04-03.jpg,㈜명품횡성청정한우,999,320000,281200,㈜명품횡성청정한우,한국,101,0,2,100,,,찜갈비 700g×5
[名品횡성한우]특품 찜갈비세트2호,199,04-03-01,http://bizmkt.interparkb2b.co.kr/data/goods/other/bizmkt//04-03-01.jpg,㈜명품횡성청정한우,999,260000,235000,㈜명품횡성청정한우,한국,101,0,2,100,,,찜갈비 700g×4
[名品횡성한우]특품 찜갈비세트3호,199,04-03-02,http://bizmkt.interparkb2b.co.kr/data/goods/other/bizmkt//04-03-02.jpg,㈜명품횡성청정한우,999,200000,177800,㈜명품횡성청정한우,한국,101,0,2,100,,,찜갈비 700g×3
[名品횡성한우]명품 정육세트1호,199,04-04,http://bizmkt.interparkb2b.co.kr/data/goods/other/bizmkt//04-04.jpg,㈜명품횡성청정한우,999,200000,188900,㈜명품횡성청정한우,한국,101,0,2,100,,,"불고기 700g×2, 국거리 700g×2, 장조림 700g"
[名品횡성한우]명품 정육세트2호,199,04-04-01,http://bizmkt.interparkb2b.co.kr/data/goods/other/bizmkt//04-04-01.jpg,㈜명품횡성청정한우,999,115000,111200,㈜명품횡성청정한우,한국,101,0,2,100,,,"불고기 700g, 국거리 700g, 산적 700g"
[名品횡성한우]명품 정육세트3호,199,04-04-02,http://bizmkt.interparkb2b.co.kr/data/goods/other/bizmkt//04-04-02.jpg,㈜명품횡성청정한우,999,132500,127800,㈜명품횡성청정한우,한국,101,0,2,100,,,"등심 600g, 불고기 600g, 국거리 600g"
[名品횡성한우]명품 정육세트4호,199,04-04-03,http://bizmkt.interparkb2b.co.kr/data/goods/other/bizmkt//04-04-03.jpg,㈜명품횡성청정한우,999,101000,97300,㈜명품횡성청정한우,한국,101,0,2,100,,,"불고기 600g, 국거리 600g, 장조림 600g"
[논산축협]1등급 프리미엄 갈비세트1호,199,04-05,http://bizmkt.interparkb2b.co.kr/data/goods/other/bizmkt//04-05.jpg,논산축협,999,129000,121900,논산축협,한국,101,0,2,100,,,찜갈비 2.4kg
[논산축협]1등급 프리미엄 갈비세트2호,199,04-05-01,http://bizmkt.interparkb2b.co.kr/data/goods/other/bizmkt//04-05-01.jpg,논산축협,999,169000,159700,논산축협,한국,101,0,2,100,,,찜갈비 3.2kg
[논산축협]1등급 프리미엄 갈비세트4호,199,04-05-02,http://bizmkt.interparkb2b.co.kr/data/goods/other/bizmkt//04-05-02.jpg,논산축협,999,289000,273000,논산축협,한국,101,0,2,100,,,찜갈비 5.8kg
[논산축협]프리미엄 정육세트4호,199,04-06,http://bizmkt.interparkb2b.co.kr/data/goods/other/bizmkt//04-06.jpg,논산축협,999,109000,103000,논산축협,한국,101,0,2,100,,,"찜갈비 800g, 국거리 800g, 불고기 800g"
[남해친환경한우]갈비세트1호,199,05-01,http://bizmkt.interparkb2b.co.kr/data/goods/other/bizmkt//05-01.jpg,㈜우리축산,999,225000,208900,㈜우리축산,한국,101,0,2,100,,,찜갈비 800g×4
[남해친환경한우]갈비세트2호,199,05-01-01,http://bizmkt.interparkb2b.co.kr/data/goods/other/bizmkt//05-01-01.jpg,㈜우리축산,999,190000,175600,㈜우리축산,한국,101,0,2,100,,,"찜갈비 800g×3, 한우볶음고추장"
[남해친환경한우]특선 혼합세트1호,199,05-02,http://bizmkt.interparkb2b.co.kr/data/goods/other/bizmkt//05-02.jpg,㈜우리축산,999,120000,111200,㈜우리축산,한국,101,0,2,100,,,"국거리 700g, 불고기 700g, 산적 700g, 장조림 700g"
[남해친환경한우]특선 혼합세트2호,199,05-02-01,http://bizmkt.interparkb2b.co.kr/data/goods/other/bizmkt//05-02-01.jpg,㈜우리축산,999,108000,100000,㈜우리축산,한국,101,0,2,100,,,"국거리 700g, 불고기 700g, 산적 700g, 한우볶음고추장"
[한림원]소갈비 정육세트3호,199,05-03,http://bizmkt.interparkb2b.co.kr/data/goods/other/bizmkt//05-03.jpg,한림육가공㈜,999,90000,79300,한림육가공㈜,한국,101,0,2,100,,,"찜갈비 1.6kg, 사태 800g"
[한림원]소갈비 정육세트4호,199,05-04,http://bizmkt.interparkb2b.co.kr/data/goods/other/bizmkt//05-04.jpg,한림육가공㈜,999,100000,88200,한림육가공㈜,한국,101,0,2,100,,,"불고기 1.6kg, 사태 800g, 양지 800g"
[한림원]소갈비세트3호,199,05-05,http://bizmkt.interparkb2b.co.kr/data/goods/other/bizmkt//05-05.jpg,한림육가공㈜,999,90000,79300,한림육가공㈜,한국,101,0,2,100,,,찜갈비 800g×3
호주산 LA갈비,200,05-06,http://bizmkt.interparkb2b.co.kr/data/goods/other/bizmkt//05-06.jpg,㈜한울,999,80000,71200,㈜한울,호주,101,0,2,100,,,"갈비 2kg, 찜갈비 1kg"
[영광해풍]오가굴비1호,207,06-01,http://bizmkt.interparkb2b.co.kr/data/goods/other/bizmkt//06-01.jpg,영광수산영어영농조합법인,999,112000,102000,영광수산영어영농조합법인,한국,101,0,2,100,,,23cm이상×10미
[영광해풍]오가굴비2호,207,06-01-01,http://bizmkt.interparkb2b.co.kr/data/goods/other/bizmkt//06-01-01.jpg,영광수산영어영농조합법인,999,83000,76500,영광수산영어영농조합법인,한국,101,0,2,100,,,22cm이상×10미
[영광해풍]오가굴비3호,207,06-01-02,http://bizmkt.interparkb2b.co.kr/data/goods/other/bizmkt//06-01-02.jpg,영광수산영어영농조합법인,999,62000,56700,영광수산영어영농조합법인,한국,101,0,2,100,,,21cm이상×10미
[영광해풍]오가굴비4호,207,06-01-03,http://bizmkt.interparkb2b.co.kr/data/goods/other/bizmkt//06-01-03.jpg,영광수산영어영농조합법인,999,49800,46200,영광수산영어영농조합법인,한국,101,0,2,100,,,20cm이상×10미
명품굴비 딱돔1호,207,06-02,http://bizmkt.interparkb2b.co.kr/data/goods/other/bizmkt//06-02.jpg,영광황토굴비(영),999,210000,197800,영광황토굴비(영),한국,101,0,2,100,,,"10미(1,550g이상, 24cm)"
굴비애찬특선1호,207,06-03,http://bizmkt.interparkb2b.co.kr/data/goods/other/bizmkt//06-03.jpg,㈜바다수산,999,100000,67800,㈜바다수산,한국,101,0,2,100,,,21cm×10미
굴비애찬특선2호,207,06-03-01,http://bizmkt.interparkb2b.co.kr/data/goods/other/bizmkt//06-03-01.jpg,㈜바다수산,999,140000,83400,㈜바다수산,한국,101,0,2,100,,,21~22cm×10미
굴비애찬알배기2호,207,06-03-02,http://bizmkt.interparkb2b.co.kr/data/goods/other/bizmkt//06-03-02.jpg,㈜바다수산,999,130000,94500,㈜바다수산,한국,101,0,2,100,,,22cm×10미
강가네굴비특품1호,207,06-04,http://bizmkt.interparkb2b.co.kr/data/goods/other/bizmkt//06-04.jpg,수공수산,999,84000,78900,수공수산,한국,101,0,2,100,,,"10미(110g, 꼬리포함 21~22cm)"
강가네굴비특품2호,207,06-04-01,http://bizmkt.interparkb2b.co.kr/data/goods/other/bizmkt//06-04-01.jpg,수공수산,999,141000,133400,수공수산,한국,101,0,2,100,,,"10미(130g, 꼬리포함 23~24cm)"
굴비애 실속세트특선,207,06-05,http://bizmkt.interparkb2b.co.kr/data/goods/other/bizmkt//06-05.jpg,영광황토굴비(영),999,68000,61200,영광황토굴비(영),한국,101,0,2,100,,,21cm×14미
영광법성포 녹차굴비1호,207,06-06,http://bizmkt.interparkb2b.co.kr/data/goods/other/bizmkt//06-06.jpg,㈜쌍용굴비,999,33000,30600,㈜쌍용굴비,한국,101,0,2,100,,,20미
영광법성포 녹차굴비2호,207,06-06-01,http://bizmkt.interparkb2b.co.kr/data/goods/other/bizmkt//06-06-01.jpg,㈜쌍용굴비,999,54000,50000,㈜쌍용굴비,한국,101,0,2,100,,,40미
영광법성포 녹차굴비3호,207,06-06-02,http://bizmkt.interparkb2b.co.kr/data/goods/other/bizmkt//06-06-02.jpg,㈜쌍용굴비,999,70000,64800,㈜쌍용굴비,한국,101,0,2,100,,,50미
[해미찬]영광굴비 딱돔1호,207,06-07,http://bizmkt.interparkb2b.co.kr/data/goods/other/bizmkt//06-07.jpg,영광해미찬 영어조합법인,999,520000,472300,영광해미찬 영어조합법인,한국,101,0,2,100,,,오가 27cm이상×10미
[해미찬]영광굴비 딱돔2호,207,06-07-01,http://bizmkt.interparkb2b.co.kr/data/goods/other/bizmkt//06-07-01.jpg,영광해미찬 영어조합법인,999,378000,350000,영광해미찬 영어조합법인,한국,101,0,2,100,,,오가 26cm이상×10미
[해미찬]영광굴비 딱돔3호,207,06-07-02,http://bizmkt.interparkb2b.co.kr/data/goods/other/bizmkt//06-07-02.jpg,영광해미찬 영어조합법인,999,289000,267300,영광해미찬 영어조합법인,한국,101,0,2,100,,,오가 25cm이상×10미
[해미찬]영광굴비 딱돔4호,207,06-07-03,http://bizmkt.interparkb2b.co.kr/data/goods/other/bizmkt//06-07-03.jpg,영광해미찬 영어조합법인,999,199000,184300,영광해미찬 영어조합법인,한국,101,0,2,100,,,오가 24cm이상×10미
[해미찬]영광굴비 명품세트국,207,06-08,http://bizmkt.interparkb2b.co.kr/data/goods/other/bizmkt//06-08.jpg,영광해미찬 영어조합법인,999,145000,132300,영광해미찬 영어조합법인,한국,101,0,2,100,,,"오가 22cm이상×10미,고추장굴비 150g×2, 천일염 200g"
[해미찬]영광굴비 명품세트난,207,06-08-01,http://bizmkt.interparkb2b.co.kr/data/goods/other/bizmkt//06-08-01.jpg,영광해미찬 영어조합법인,999,180000,161200,영광해미찬 영어조합법인,한국,101,0,2,100,,,"오가 24cm이상×10미,고추장굴비 150g×2, 천일염 200g"
강동오 제주大 고등어살1호,205,07-01,http://bizmkt.interparkb2b.co.kr/data/goods/other/bizmkt//07-01.jpg,이제주섬(영),999,65000,50000,이제주섬(영),한국,101,0,2,100,,,1.5kg(7팩)
강동오 제주大 고등어살2호,205,07-01-01,http://bizmkt.interparkb2b.co.kr/data/goods/other/bizmkt//07-01-01.jpg,이제주섬(영),999,50000,42300,이제주섬(영),한국,101,0,2,100,,,1.1kg(5~6팩)
강동오 제주大 고등어살특호,205,07-01-02,http://bizmkt.interparkb2b.co.kr/data/goods/other/bizmkt//07-01-02.jpg,이제주섬(영),999,90000,61200,이제주섬(영),한국,101,0,2,100,,,2kg(8~9팩)
제주명품 秀세트2호,205,07-02,http://bizmkt.interparkb2b.co.kr/data/goods/other/bizmkt//07-02.jpg,이제주섬(영),999,80000,73400,이제주섬(영),한국,101,0,2,100,,,"은갈치 700g×2, 고등어살 1.2kg×6"
제주명품 秀세트특선,205,07-02-01,http://bizmkt.interparkb2b.co.kr/data/goods/other/bizmkt//07-02-01.jpg,이제주섬(영),999,89000,80000,이제주섬(영),한국,101,0,2,100,,,"홍옥돔 550g×3, 은갈치 350g, 고등어살 800g×4"
제주愛 명작(300개 한정)NO.7,205,07-03,http://bizmkt.interparkb2b.co.kr/data/goods/other/bizmkt//07-03.jpg,이제주섬(영),999,145000,133400,이제주섬(영),한국,101,0,2,100,,,"은갈치 1.2kg×3, 홍옥돔 650g×3, 천일염 100g"
[하루방]은갈치세트특2호,205,07-04,http://bizmkt.interparkb2b.co.kr/data/goods/other/bizmkt//07-04.jpg,㈜청룡수산,999,115000,107800,㈜청룡수산,한국,101,0,2,100,,,4미(1.6kg)
[하루방]은갈치세트프리미엄,205,07-04-01,http://bizmkt.interparkb2b.co.kr/data/goods/other/bizmkt//07-04-01.jpg,㈜청룡수산,999,165000,155600,㈜청룡수산,한국,101,0,2,100,,,4미(2.2kg)
[하루방]혼합세트,205,07-05,http://bizmkt.interparkb2b.co.kr/data/goods/other/bizmkt//07-05.jpg,㈜청룡수산,999,104000,96700,㈜청룡수산,한국,101,0,2,100,,,"갈치 400g×2, 옥돔 200g×3"
[하루방]옥돔세트,205,07-06,http://bizmkt.interparkb2b.co.kr/data/goods/other/bizmkt//07-06.jpg,㈜청룡수산,999,114000,105600,㈜청룡수산,한국,101,0,2,100,,,6미(1.2kg)
제주 간고등어살,205,07-07,http://bizmkt.interparkb2b.co.kr/data/goods/other/bizmkt//07-07.jpg,제주올레수산,999,55000,53400,제주올레수산,한국,101,0,2,100,,,3kg(14~16팩)
제주 옥돔,205,07-08,http://bizmkt.interparkb2b.co.kr/data/goods/other/bizmkt//07-08.jpg,제주올레수산,999,70000,66700,제주올레수산,한국,101,0,2,100,,,1kg(4미)
제주 은갈치,205,07-09,http://bizmkt.interparkb2b.co.kr/data/goods/other/bizmkt//07-09.jpg,제주올레수산,999,110000,106700,제주올레수산,한국,101,0,2,100,,,400g×4미
[50년간잽이 이동삼]안동간고등어1호,205,08-01,http://bizmkt.interparkb2b.co.kr/data/goods/other/bizmkt//08-01.jpg,㈜안동간고등어,999,23500,22100,㈜안동간고등어,한국,101,0,2,100,,,330g×7손(14마리)
[50년간잽이 이동삼]안동간고등어2호,205,08-01-01,http://bizmkt.interparkb2b.co.kr/data/goods/other/bizmkt//08-01-01.jpg,㈜안동간고등어,999,35900,34000,㈜안동간고등어,한국,101,0,2,100,,,400g×7손(14마리)
[50년간잽이 이동삼]안동간고등어3호,205,08-01-02,http://bizmkt.interparkb2b.co.kr/data/goods/other/bizmkt//08-01-02.jpg,㈜안동간고등어,999,48500,45900,㈜안동간고등어,한국,101,0,2,100,,,500g×7손(14마리)
[50년간잽이 이동삼]순살 안동간고등어2호,205,08-02,http://bizmkt.interparkb2b.co.kr/data/goods/other/bizmkt//08-02.jpg,㈜안동간고등어,999,40900,38900,㈜안동간고등어,한국,101,0,2,100,,,150g×10
[50년간잽이 이동삼]순살 안동간고등어3호,205,08-02-01,http://bizmkt.interparkb2b.co.kr/data/goods/other/bizmkt//08-02-01.jpg,㈜안동간고등어,999,58500,55100,㈜안동간고등어,한국,101,0,2,100,,,150g×15
[50년간잽이 이동삼]순살 안동간고등어4호,205,08-02-02,http://bizmkt.interparkb2b.co.kr/data/goods/other/bizmkt//08-02-02.jpg,㈜안동간고등어,999,75500,71500,㈜안동간고등어,한국,101,0,2,100,,,150g×20
[50년간잽이 이동삼]프리미엄죽염 안동간고등어1호,205,08-03,http://bizmkt.interparkb2b.co.kr/data/goods/other/bizmkt//08-03.jpg,㈜안동간고등어,999,18500,17400,㈜안동간고등어,한국,101,0,2,100,,,140g×5
[50년간잽이 이동삼]프리미엄죽염 안동간고등어2호,205,08-03-01,http://bizmkt.interparkb2b.co.kr/data/goods/other/bizmkt//08-03-01.jpg,㈜안동간고등어,999,30500,28800,㈜안동간고등어,한국,101,0,2,100,,,140g×11
[50년간잽이 이동삼]프리미엄죽염 안동간고등어3호,205,08-03-02,http://bizmkt.interparkb2b.co.kr/data/goods/other/bizmkt//08-03-02.jpg,㈜안동간고등어,999,41900,39700,㈜안동간고등어,한국,101,0,2,100,,,140g×16
[안동간고등어]풍산고을 어머니의손맛1호,205,08-04,http://bizmkt.interparkb2b.co.kr/data/goods/other/bizmkt//08-04.jpg,태성유통,999,20000,15600,태성유통,한국,101,0,2,100,,,400g이상 3손(6미)
[안동간고등어]풍산고을 어머니의손맛2호,205,08-04-01,http://bizmkt.interparkb2b.co.kr/data/goods/other/bizmkt//08-04-01.jpg,태성유통,999,25000,21700,태성유통,한국,101,0,2,100,,,400g이상 5손(10미)
[안동간고등어]풍산고을 어머니의손맛3호,205,08-04-02,http://bizmkt.interparkb2b.co.kr/data/goods/other/bizmkt//08-04-02.jpg,태성유통,999,32000,27600,태성유통,한국,101,0,2,100,,,400g이상 7손(14미)
[안동간고등어]풍산고을 어머니의손맛4호,205,08-04-03,http://bizmkt.interparkb2b.co.kr/data/goods/other/bizmkt//08-04-03.jpg,태성유통,999,42000,36500,태성유통,한국,101,0,2,100,,,400g이상 10손(20미)
코다리세트,205,08-05,http://bizmkt.interparkb2b.co.kr/data/goods/other/bizmkt//08-05.jpg,그린수산,999,21000,19500,그린수산,러시아,101,0,2,100,,,350g 이상×5
[바다농장]완도 참전복(1kg)1호,205,08-06,http://bizmkt.interparkb2b.co.kr/data/goods/other/bizmkt//08-06.jpg,바다농장,999,105000,100000,바다농장,한국,101,0,2,100,,,9~10미
[바다농장]완도 참전복(1kg)2호,205,08-06-01,http://bizmkt.interparkb2b.co.kr/data/goods/other/bizmkt//08-06-01.jpg,바다농장,999,100000,94500,바다농장,한국,101,0,2,100,,,10~11미
[바다농장]완도 참전복(1kg)3호,205,08-06-02,http://bizmkt.interparkb2b.co.kr/data/goods/other/bizmkt//08-06-02.jpg,바다농장,999,85000,83400,바다농장,한국,101,0,2,100,,,11~12미
[바다농장]완도 참전복(1kg)4호,205,08-06-03,http://bizmkt.interparkb2b.co.kr/data/goods/other/bizmkt//08-06-03.jpg,바다농장,999,80000,77800,바다농장,한국,101,0,2,100,,,13~14미
[바다향]팔각세트참멸치,207,08-07,http://bizmkt.interparkb2b.co.kr/data/goods/other/bizmkt//08-07.jpg,㈜해향유통,999,97600,92300,㈜해향유통,한국,101,0,2,100,,,참멸치 800g
[바다향]팔각세트명품,207,08-07-01,http://bizmkt.interparkb2b.co.kr/data/goods/other/bizmkt//08-07-01.jpg,㈜해향유통,999,70000,66700,㈜해향유통,한국,101,0,2,100,,,"볶음용 300g, 볶음조림용 250g, 조림용 250g, 국물용 230g"
[바다향]팔각세트혼합,207,08-07-02,http://bizmkt.interparkb2b.co.kr/data/goods/other/bizmkt//08-07-02.jpg,㈜해향유통,999,78000,73400,㈜해향유통,한국,101,0,2,100,,,"조림용 250g, 꽃새우 150g, 국물용 230g, 볶음용 300g"
[바다향]한아름세트,207,08-08,http://bizmkt.interparkb2b.co.kr/data/goods/other/bizmkt//08-08.jpg,㈜해향유통,999,62000,58900,㈜해향유통,한국,101,0,2,100,,,"꽃새우 110g, 조림용 170g, 조림용(특) 160g, 조림용 140g, 국물용 140g×2"
[바다향]지함세트1호,207,08-09,http://bizmkt.interparkb2b.co.kr/data/goods/other/bizmkt//08-09.jpg,㈜해향유통,999,64000,60000,㈜해향유통,한국,101,0,2,100,,,"조림용 280g, 꽃새우 180g, 국물용 230g"
[바다향]지함세트2호,207,08-09-01,http://bizmkt.interparkb2b.co.kr/data/goods/other/bizmkt//08-09-01.jpg,㈜해향유통,999,57000,54500,㈜해향유통,한국,101,0,2,100,,,"볶음용 300g, 조림용 280g, 국물용 230g"
[청정해]바다선물세트스페셜골드4호,207,09-01,http://bizmkt.interparkb2b.co.kr/data/goods/other/bizmkt//09-01.jpg,청정해식품,999,35000,28900,청정해식품,한국,101,0,2,100,,,"중멸치 210g, 소멸치 230g, 다시마 160g"
[청정해]바다선물세트스페셜골드5호,207,09-01-01,http://bizmkt.interparkb2b.co.kr/data/goods/other/bizmkt//09-01-01.jpg,청정해식품,999,31000,26200,청정해식품,한국,101,0,2,100,,,"중멸치 210g×2, 다시마 160g"
[통영愛명작]스페셜세트,207,09-02,http://bizmkt.interparkb2b.co.kr/data/goods/other/bizmkt//09-02.jpg,통영사람들,999,57000,53400,통영사람들,한국,101,0,2,100,,,"대멸치 330g, 중멸치 330g, 세멸치 340g"
[통영愛명작]지함세트No8,207,09-03,http://bizmkt.interparkb2b.co.kr/data/goods/other/bizmkt//09-03.jpg,통영사람들,999,38000,34500,통영사람들,한국,101,0,2,100,,,"소멸치 200g×2, 중멸치 200g×2"
[통영愛명작]지함세트No4,207,09-03-01,http://bizmkt.interparkb2b.co.kr/data/goods/other/bizmkt//09-03-01.jpg,통영사람들,999,75000,68900,통영사람들,한국,101,0,2,100,,,"대멸치 330g×2, 중멸치 330g, 소멸치 340g"
[통영愛명작]지함세트No9,207,09-03-02,http://bizmkt.interparkb2b.co.kr/data/goods/other/bizmkt//09-03-02.jpg,통영사람들,999,33000,30000,통영사람들,한국,101,0,2,100,,,"대멸치 200g×2, 중멸치 200g×2"
[통영愛명작]지함세트No10,207,09-03-03,http://bizmkt.interparkb2b.co.kr/data/goods/other/bizmkt//09-03-03.jpg,통영사람들,999,27000,23400,통영사람들,한국,101,0,2,100,,,"대멸치 200g, 중멸치 200g, 소멸치 200g"
[미래건해]팔각지함세트3호,207,09-04,http://bizmkt.interparkb2b.co.kr/data/goods/other/bizmkt//09-04.jpg,미래건해㈜,999,53000,48900,미래건해㈜,한국,101,0,2,100,,,"자멸치 200g, 소멸치 200g, 대멸치 200g, 세멸치 200g"
[미래건해]팔각지함세트1호,207,09-04-01,http://bizmkt.interparkb2b.co.kr/data/goods/other/bizmkt//09-04-01.jpg,미래건해㈜,999,55000,51200,미래건해㈜,한국,101,0,2,100,,,"세멸치 200g, 소멸치 200g, 대멸치 200g, 새우 140g"
[미래건해]한아름세트,207,09-05,http://bizmkt.interparkb2b.co.kr/data/goods/other/bizmkt//09-05.jpg,미래건해㈜,999,65000,57800,미래건해㈜,한국,101,0,2,100,,,"세멸치 170g, 자멸치 160g, 중멸치 140g, 대멸치 140g, 죽방멸치 140g, 새우 120g"
[미래건해]자연가득 멸치세트1호,207,09-06,http://bizmkt.interparkb2b.co.kr/data/goods/other/bizmkt//09-06.jpg,미래건해㈜,999,39000,35600,미래건해㈜,한국,101,0,2,100,,,"자멸치 500g, 중멸치 500g, 대멸치 500g"
[미래건해]자연가득 멸치세트2호,207,09-06-01,http://bizmkt.interparkb2b.co.kr/data/goods/other/bizmkt//09-06-01.jpg,미래건해㈜,999,28000,25600,미래건해㈜,한국,101,0,2,100,,,"자멸치 300g, 중멸치 300g, 대멸치 300g"
만전골드세트,207,09-07,http://bizmkt.interparkb2b.co.kr/data/goods/other/bizmkt//09-07.jpg,만전식품,999,60000,57500,만전식품,한국,101,0,1,100,,,"클로렐라돌김 전장 25g×8봉, 돌김 45g×4캔"
[아미수]어머니의손맛 김1호,207,09-08,http://bizmkt.interparkb2b.co.kr/data/goods/other/bizmkt//09-08.jpg,㈜정가네푸드,999,31000,29800,㈜정가네푸드,한국,101,0,1,100,,,"식탁 20g×10, 돌김 20g, 간장찍어먹는김 20g, 재래 35g, 도시락 5g×24, 볶은돌김 70g"
[아미수]어머니의손맛 김2호,207,09-08-01,http://bizmkt.interparkb2b.co.kr/data/goods/other/bizmkt//09-08-01.jpg,㈜정가네푸드,999,38000,36700,㈜정가네푸드,한국,101,0,1,100,,,"식탁 20g×10, 돌김 20g, 간장찍어먹는김 20g, 재래 35g×2, 도시락 5g×36, 볶은돌김 70g×2, 미역 50g"
[아미수]어머니의손맛 김3호,207,09-08-02,http://bizmkt.interparkb2b.co.kr/data/goods/other/bizmkt//09-08-02.jpg,㈜정가네푸드,999,62000,59500,㈜정가네푸드,한국,101,0,1,100,,,"식탁 20g×24, 돌김 20g×4, 재래 35g×2, 도시락 5g×36, 볶은돌김 70g×4, 미역 50g"
[지도표 성경김]명절기획세트3호,207,09-09,http://bizmkt.interparkb2b.co.kr/data/goods/other/bizmkt//09-09.jpg,성경식품,999,21000,20200,성경식품,한국,101,0,1,100,,,"녹차김(소) 30gx4, 식탁김 3단(4gx3)x3, 함초칼슘돌자반 180g,  
      누룽지 150g, 미역 40g"
[지도표 성경김]명절기획세트9호,207,09-09-01,http://bizmkt.interparkb2b.co.kr/data/goods/other/bizmkt//09-09-01.jpg,성경식품,999,11500,11300,성경식품,한국,101,0,1,100,,,"녹차김30g×3, 식탁김(4g×3)×2, 돌미역30g"
[과일명과]진품 사과·배 혼합세트,175,10-01,http://bizmkt.interparkb2b.co.kr/data/goods/other/bizmkt//10-01.jpg,일조 F&V,999,110000,104200,일조 F&V,한국,101,0,2,100,,,"7.5kg(사과 6과, 배 6과)"
명품사과 사각세트,175,10-02,http://bizmkt.interparkb2b.co.kr/data/goods/other/bizmkt//10-02.jpg,항도,999,44000,40000,항도,한국,101,0,2,100,,,3.5kg(8과)
특품 사과·배 혼합세트1호,175,10-03,http://bizmkt.interparkb2b.co.kr/data/goods/other/bizmkt//10-03.jpg,삼남영농조합,999,45000,43400,삼남영농조합,한국,101,0,2,100,,,"5kg(사과 8과, 배 4과)"
특품 사과·배 혼합세트2호,175,10-03-01,http://bizmkt.interparkb2b.co.kr/data/goods/other/bizmkt//10-03-01.jpg,삼남영농조합,999,60000,57800,삼남영농조합,한국,101,0,2,100,,,"6kg(사과 8과, 배 4과)"
껍질채먹는 의성사과1호,175,10-04,http://bizmkt.interparkb2b.co.kr/data/goods/other/bizmkt//10-04.jpg,㈜경동애플,999,34000,32300,㈜경동애플,한국,101,0,2,100,,,24~26과
껍질채먹는 의성사과2호,175,10-04-01,http://bizmkt.interparkb2b.co.kr/data/goods/other/bizmkt//10-04-01.jpg,㈜경동애플,999,42000,38900,㈜경동애플,한국,101,0,2,100,,,21~23과
껍질채먹는 의성사과3호,175,10-04-02,http://bizmkt.interparkb2b.co.kr/data/goods/other/bizmkt//10-04-02.jpg,㈜경동애플,999,50000,46700,㈜경동애플,한국,101,0,2,100,,,17~19과
햇살가득 사과세트,175,10-05,http://bizmkt.interparkb2b.co.kr/data/goods/other/bizmkt//10-05.jpg,삼남영농조합,999,52000,48900,삼남영농조합,한국,101,0,2,100,,,3.5kg(10과)
햇살가득 배세트,175,10-06,http://bizmkt.interparkb2b.co.kr/data/goods/other/bizmkt//10-06.jpg,삼남영농조합,999,59000,55600,삼남영농조합,한국,101,0,2,100,,,7kg(9과)
[과일명과]머스크메론1호,175,10-07,http://bizmkt.interparkb2b.co.kr/data/goods/other/bizmkt//10-07.jpg,일조 F&V,999,58000,54500,일조 F&V,한국,101,0,2,100,,,5kg(3과)
[과일명과]머스크메론2호,175,10-07-01,http://bizmkt.interparkb2b.co.kr/data/goods/other/bizmkt//10-07-01.jpg,일조 F&V,999,70000,66700,일조 F&V,한국,101,0,2,100,,,6.5kg(4과)
명품 사과·배 혼합세트,175,11-01,http://bizmkt.interparkb2b.co.kr/data/goods/other/bizmkt//11-01.jpg,예손,999,60000,55600,예손,한국,101,0,2,100,,,"6kg 내외(홍로사과 4과, 신고배 8과)"
명품 신고배세트1호,175,11-03,http://bizmkt.interparkb2b.co.kr/data/goods/other/bizmkt//11-03.jpg,예손,999,60000,55600,예손,한국,101,0,2,100,,,7.5kg(신고배 8~10과)
명품 신고배세트2호,175,11-02,http://bizmkt.interparkb2b.co.kr/data/goods/other/bizmkt//11-02.jpg,예손,999,46000,42300,예손,한국,101,0,2,100,,,7.5kg(신고배 11~12과)
프리미엄 친환경사과,175,11-03-01,http://bizmkt.interparkb2b.co.kr/data/goods/other/bizmkt//11-03-01.jpg,항도청과,999,39800,36700,항도청과,한국,101,0,2,100,,,4.8kg(15과)
[낭구한그루]사과·배 혼합세트1호,175,11-04,http://bizmkt.interparkb2b.co.kr/data/goods/other/bizmkt//11-04.jpg,참들,999,75000,68900,참들,한국,101,0,2,100,,,"6kg(사과 8과, 배 4과)"
[낭구한그루]사과·배 혼합세트2호,175,11-04-01,http://bizmkt.interparkb2b.co.kr/data/goods/other/bizmkt//11-04-01.jpg,참들,999,60000,55600,참들,한국,101,0,2,100,,,"4kg(사과 6과, 배 4과)"
[낭구한그루]배세트1호,175,11-05,http://bizmkt.interparkb2b.co.kr/data/goods/other/bizmkt//11-05.jpg,참들,999,68000,62300,참들,한국,101,0,2,100,,,6.5kg(9과)
[낭구한그루]배세트2호,175,11-05-01,http://bizmkt.interparkb2b.co.kr/data/goods/other/bizmkt//11-05-01.jpg,참들,999,59000,54500,참들,한국,101,0,2,100,,,6.5kg(10과)
[낭구한그루]배세트3호,175,11-05-02,http://bizmkt.interparkb2b.co.kr/data/goods/other/bizmkt//11-05-02.jpg,참들,999,60000,55600,참들,한국,101,0,2,100,,,7kg(11과)
[낭구한그루]배세트4호,175,11-05-03,http://bizmkt.interparkb2b.co.kr/data/goods/other/bizmkt//11-05-03.jpg,참들,999,47000,43400,참들,한국,101,0,2,100,,,6.5kg(12과)
[낭구한그루]배세트5호,175,11-05-04,http://bizmkt.interparkb2b.co.kr/data/goods/other/bizmkt//11-05-04.jpg,참들,999,40000,36700,참들,한국,101,0,2,100,,,4.5kg(9과)
[낭구한그루]사과세트2호,175,11-06,http://bizmkt.interparkb2b.co.kr/data/goods/other/bizmkt//11-06.jpg,참들,999,77000,71200,참들,한국,101,0,2,100,,,5kg(12과)
[낭구한그루]사과세트3호,175,11-06-01,http://bizmkt.interparkb2b.co.kr/data/goods/other/bizmkt//11-06-01.jpg,참들,999,52000,47800,참들,한국,101,0,2,100,,,3.5kg(11과)
[낭구한그루]사과세트4호,175,11-06-02,http://bizmkt.interparkb2b.co.kr/data/goods/other/bizmkt//11-06-02.jpg,참들,999,57000,52300,참들,한국,101,0,2,100,,,4.3kg(13과)
[낭구한그루]사과세트5호,175,11-06-03,http://bizmkt.interparkb2b.co.kr/data/goods/other/bizmkt//11-06-03.jpg,참들,999,59000,54500,참들,한국,101,0,2,100,,,4.5kg(14과)
나주배,175,11-07,http://bizmkt.interparkb2b.co.kr/data/goods/other/bizmkt//11-07.jpg,항도,999,40000,36700,항도,한국,101,0,2,100,,,7.5kg(11~12과)
[아침애향]안동사과세트1호,175,11-08,http://bizmkt.interparkb2b.co.kr/data/goods/other/bizmkt//11-08.jpg,알토란과일장터,999,60000,55600,알토란과일장터,한국,101,0,2,100,,,5kg(사과 13~15과)
[아침애향]안동사과세트2호,175,11-08-01,http://bizmkt.interparkb2b.co.kr/data/goods/other/bizmkt//11-08-01.jpg,알토란과일장터,999,52000,48400,알토란과일장터,한국,101,0,2,100,,,5kg(사과 16~19과)
[아침애향]안동사과세트3호,175,11-08-02,http://bizmkt.interparkb2b.co.kr/data/goods/other/bizmkt//11-08-02.jpg,알토란과일장터,999,51000,47600,알토란과일장터,한국,101,0,2,100,,,5kg(사과 21~23과)
[아침애향]안동사과세트4호,175,11-08-03,http://bizmkt.interparkb2b.co.kr/data/goods/other/bizmkt//11-08-03.jpg,알토란과일장터,999,42000,38900,알토란과일장터,한국,101,0,2,100,,,5kg(사과 24~25과)
[아침애향]사과·배 혼합세트1호,175,11-09,http://bizmkt.interparkb2b.co.kr/data/goods/other/bizmkt//11-09.jpg,알토란과일장터,999,63000,58400,알토란과일장터,한국,101,0,2,100,,,"5kg(사과 6과, 배 6과)"
[아침애향]사과·배 혼합세트2호,175,11-09-01,http://bizmkt.interparkb2b.co.kr/data/goods/other/bizmkt//11-09-01.jpg,알토란과일장터,999,68000,63200,알토란과일장터,한국,101,0,2,100,,,"6kg(사과 6과, 배 6과)"
[감나무이야기]청도반건시세트1호,175,12-01,http://bizmkt.interparkb2b.co.kr/data/goods/other/bizmkt//12-01.jpg,감나무이야기,999,41000,40100,감나무이야기,한국,101,0,2,100,,,24과(55~65g)
[감나무이야기]청도반건시세트2호,175,12-01-01,http://bizmkt.interparkb2b.co.kr/data/goods/other/bizmkt//12-01-01.jpg,감나무이야기,999,35000,33800,감나무이야기,한국,101,0,2,100,,,20과(55~65g)
[감나무이야기]청도반건시세트3호,175,12-01-02,http://bizmkt.interparkb2b.co.kr/data/goods/other/bizmkt//12-01-02.jpg,감나무이야기,999,30000,29400,감나무이야기,한국,101,0,2,100,,,17과(55~65g)
[정과원]산청곶감,175,12-02,http://bizmkt.interparkb2b.co.kr/data/goods/other/bizmkt//12-02.jpg,정과원,999,143000,135600,정과원,한국,101,0,2,100,,,36과(45~50g)
[영동곶감]정성가득1호,175,12-03,http://bizmkt.interparkb2b.co.kr/data/goods/other/bizmkt//12-03.jpg,영동특산영농조합,999,75000,70000,영동특산영농조합,한국,101,0,2,100,,,2kg(40과)
[영동곶감]정성가득2호,175,12-03-01,http://bizmkt.interparkb2b.co.kr/data/goods/other/bizmkt//12-03-01.jpg,영동특산영농조합,999,60000,56700,영동특산영농조합,한국,101,0,2,100,,,2kg(30과)
[영동곶감]지함,175,12-04,http://bizmkt.interparkb2b.co.kr/data/goods/other/bizmkt//12-04.jpg,영동특산영농조합,999,55000,50000,영동특산영농조합,한국,101,0,2,100,,,1.5kg(30~40과)
[영동곶감]반건시2호,175,12-05,http://bizmkt.interparkb2b.co.kr/data/goods/other/bizmkt//12-05.jpg,영동특산영농조합,999,61000,54500,영동특산영농조합,한국,101,0,2,100,,,1.8kg(30~40과)
[영동곶감]반건시3호,175,12-05-01,http://bizmkt.interparkb2b.co.kr/data/goods/other/bizmkt//12-05-01.jpg,영동특산영농조합,999,72000,65600,영동특산영농조합,한국,101,0,2,100,,,2.2kg(40과)
[영동곶감]반건시4호,175,12-05-02,http://bizmkt.interparkb2b.co.kr/data/goods/other/bizmkt//12-05-02.jpg,영동특산영농조합,999,85000,76700,영동특산영농조합,한국,101,0,2,100,,,2.6kg(40과)
상주곶감1호,175,12-06,http://bizmkt.interparkb2b.co.kr/data/goods/other/bizmkt//12-06.jpg,상주두레곶감,999,30000,27800,상주두레곶감,한국,101,0,2,100,,,20과(45~49g)
상주곶감2호,175,12-06-01,http://bizmkt.interparkb2b.co.kr/data/goods/other/bizmkt//12-06-01.jpg,상주두레곶감,999,35000,32300,상주두레곶감,한국,101,0,2,100,,,20과(50~59g)
[상주곶감]채반1호,175,12-07,http://bizmkt.interparkb2b.co.kr/data/goods/other/bizmkt//12-07.jpg,대구경북능금농협상주지소,999,68000,62500,대구경북능금농협상주지소,한국,101,0,2,100,,,1.5kg(36과)
[상주곶감]채반2호,175,12-07-01,http://bizmkt.interparkb2b.co.kr/data/goods/other/bizmkt//12-07-01.jpg,대구경북능금농협상주지소,999,86000,79200,대구경북능금농협상주지소,한국,101,0,2,100,,,2kg(48과)
[상주골드곶감]반건시2호,175,12-08,http://bizmkt.interparkb2b.co.kr/data/goods/other/bizmkt//12-08.jpg,상주골드곶감,999,61000,56700,상주골드곶감,한국,101,0,2,100,,,2.4kg(40과)
[상주골드곶감]반건시3호,175,12-08-01,http://bizmkt.interparkb2b.co.kr/data/goods/other/bizmkt//12-08-01.jpg,상주골드곶감,999,56000,52300,상주골드곶감,한국,101,0,2,100,,,2kg(40과)
[상주골드곶감]반건시6호,175,12-08-02,http://bizmkt.interparkb2b.co.kr/data/goods/other/bizmkt//12-08-02.jpg,상주골드곶감,999,45000,41200,상주골드곶감,한국,101,0,2,100,,,1.2kg(30과)
[농협]한삼인 진홍삼고,359,13-01,http://bizmkt.interparkb2b.co.kr/data/goods/other/bizmkt//13-01.jpg,㈜NH한삼인,999,53000,44500,㈜NH한삼인,한국,101,0,1,100,,,250g×1병
[농협]한삼인 진홍삼고,359,13-01-01,http://bizmkt.interparkb2b.co.kr/data/goods/other/bizmkt//13-01-01.jpg,㈜NH한삼인,999,110000,88900,㈜NH한삼인,한국,101,0,1,100,,,250g×2병
[농협]한삼인 발효홍삼골드,359,13-02,http://bizmkt.interparkb2b.co.kr/data/goods/other/bizmkt//13-02.jpg,㈜NH한삼인,999,63000,53400,㈜NH한삼인,한국,101,0,1,100,,,20ml×30포
[농협]한삼인 발효홍삼골드,359,13-02-01,http://bizmkt.interparkb2b.co.kr/data/goods/other/bizmkt//13-02-01.jpg,㈜NH한삼인,999,120000,102300,㈜NH한삼인,한국,101,0,1,100,,,20ml×60포
[정관장]홍삼원 프리미엄세트,359,13-03,http://bizmkt.interparkb2b.co.kr/data/goods/other/bizmkt//13-03.jpg,(주)한국인삼공사,999,45000,34800,(주)한국인삼공사,한국,101,0,1,100,,,"홍삼진액수 75ml×8병, 홍삼원 50ml×20포, 쇼핑백"
[정관장]홍삼원 포르테,359,13-04,http://bizmkt.interparkb2b.co.kr/data/goods/other/bizmkt//13-04.jpg,(주)한국인삼공사,999,31000,26200,(주)한국인삼공사,한국,101,0,1,100,,,50ml×30포
홍삼보정세트,359,13-05,http://bizmkt.interparkb2b.co.kr/data/goods/other/bizmkt//13-05.jpg,(주)한국인삼공사,999,145000,122300,(주)한국인삼공사,한국,101,0,1,100,,,"홍삼보정 250g×2병, 레네세 홍삼캔디, 스텐레스 스푼, 쇼핑백"
[종근당건강]장뇌산삼,359,13-06,http://bizmkt.interparkb2b.co.kr/data/goods/other/bizmkt//13-06.jpg,㈜종근당건강,999,29000,24500,㈜종근당건강,한국,101,0,1,100,,,70ml×30포
[종근당건강]홍삼정,359,13-07,http://bizmkt.interparkb2b.co.kr/data/goods/other/bizmkt//13-07.jpg,㈜종근당건강,999,58000,48900,㈜종근당건강,한국,101,0,1,100,,,"1,000g, 나무스푼, 보자기"
[종근당건강]흑홍삼정,359,13-08,http://bizmkt.interparkb2b.co.kr/data/goods/other/bizmkt//13-08.jpg,㈜종근당건강,999,65000,55600,㈜종근당건강,한국,101,0,1,100,,,"1,000g, 나무스푼, 보자기"
[자연예찬]프리미엄 흑마늘,366,14-01,http://bizmkt.interparkb2b.co.kr/data/goods/other/bizmkt//14-01.jpg,MSC,999,35000,32300,MSC,한국,101,0,1,100,,,100ml×30포
[자연예찬]산수유,366,14-02,http://bizmkt.interparkb2b.co.kr/data/goods/other/bizmkt//14-02.jpg,MSC,999,27000,24500,MSC,한국,101,0,1,100,,,120ml×30포
[자연예찬]블루베리,366,14-03,http://bizmkt.interparkb2b.co.kr/data/goods/other/bizmkt//14-03.jpg,MSC,999,33000,30000,MSC,한국,101,0,1,100,,,80ml×30포
산꿀자연송이 세트,366,14-04,http://bizmkt.interparkb2b.co.kr/data/goods/other/bizmkt//14-04.jpg,송이산 영농조합법인,999,44000,40600,송이산 영농조합법인,한국,101,0,1,100,,,110g×3병
산꿀자연송이 명품도자기1호,366,14-05,http://bizmkt.interparkb2b.co.kr/data/goods/other/bizmkt//14-05.jpg,송이산 영농조합법인,999,83000,76700,송이산 영농조합법인,한국,101,0,1,100,,,600g
산꿀자연송이 명품도자기2호,366,14-05-01,http://bizmkt.interparkb2b.co.kr/data/goods/other/bizmkt//14-05-01.jpg,송이산 영농조합법인,999,159000,146700,송이산 영농조합법인,한국,101,0,1,100,,,600g×2
[수라원]용두동할머니 조청세트1호,366,14-06,http://bizmkt.interparkb2b.co.kr/data/goods/other/bizmkt//14-06.jpg,수라원,999,39000,36200,수라원,한국,101,0,1,100,,,도라지청 1.2kg
[수라원]용두동할머니 조청세트2호,366,14-06-01,http://bizmkt.interparkb2b.co.kr/data/goods/other/bizmkt//14-06-01.jpg,수라원,999,39000,36200,수라원,한국,101,0,1,100,,,인진청 1.2kg
[수라원]용두동할머니 조청세트3호,366,14-06-02,http://bizmkt.interparkb2b.co.kr/data/goods/other/bizmkt//14-06-02.jpg,수라원,999,22000,19900,수라원,한국,101,0,1,100,,,옛조청 1.2kg
[수라원]용두동할머니 조청세트4호,366,14-06-03,http://bizmkt.interparkb2b.co.kr/data/goods/other/bizmkt//14-06-03.jpg,수라원,999,48000,44200,수라원,한국,101,0,1,100,,,"도라지청 600g, 인진청 600g, 옛조청 600kg"
[수라원]용두동할머니 조청세트5호,366,14-06-04,http://bizmkt.interparkb2b.co.kr/data/goods/other/bizmkt//14-06-04.jpg,수라원,999,95000,87500,수라원,한국,101,0,1,100,,,"도라지청 1.2kg, 인진청 1.2kg, 옛조청 1.2kg"
[한국인삼공사]굿베이스 참홍삼파워1호,359,14-07,http://bizmkt.interparkb2b.co.kr/data/goods/other/bizmkt//14-07.jpg,(주)한국인삼공사,999,42000,35600,(주)한국인삼공사,한국,101,0,1,100,,,50ml×30포
[한국인삼공사]굿베이스 참홍삼파워2호,359,14-07-01,http://bizmkt.interparkb2b.co.kr/data/goods/other/bizmkt//14-07-01.jpg,(주)한국인삼공사,999,84000,71200,(주)한국인삼공사,한국,101,0,1,100,,,50ml×60포
하루의열매 한입세트1호,183,14-08,http://bizmkt.interparkb2b.co.kr/data/goods/other/bizmkt//14-08.jpg,㈜지엔엘푸드,999,45000,42800,㈜지엔엘푸드,미국,101,0,2,100,,,"블루베리 25g×10, 크랜베리 25g×10, 베리믹스 25g×10"
하루의열매 한입세트특1호,183,14-08-01,http://bizmkt.interparkb2b.co.kr/data/goods/other/bizmkt//14-08-01.jpg,㈜지엔엘푸드,999,65000,63400,㈜지엔엘푸드,미국,101,0,2,100,,,"블루베리 25g×10, 크랜베리 25g×20, 베리믹스 25g×20"
"[정과원]잣,호두세트특1호",183,14-09,http://bizmkt.interparkb2b.co.kr/data/goods/other/bizmkt//14-09.jpg,정과원,999,161000,153400,정과원,한국,101,0,2,100,,,"황잣 350g, 백잣 350g, 호두 450g"
"[정과원]잣,호두세트특2호",183,14-09-01,http://bizmkt.interparkb2b.co.kr/data/goods/other/bizmkt//14-09-01.jpg,정과원,999,124000,117800,정과원,한국,101,0,2,100,,,"황잣 250g, 백잣 250g, 호두 250g"
[금삼]수삼세트,359,15-01,http://bizmkt.interparkb2b.co.kr/data/goods/other/bizmkt//15-01.jpg,㈜금삼,999,43500,41200,㈜금삼,한국,101,0,2,100,,,소 700g(18~22편)
[금삼]수삼세트,359,15-01-01,http://bizmkt.interparkb2b.co.kr/data/goods/other/bizmkt//15-01-01.jpg,㈜금삼,999,66000,62300,㈜금삼,한국,101,0,2,100,,,특중 1kg(15~18편)
[금삼]더덕세트상,359,15-02,http://bizmkt.interparkb2b.co.kr/data/goods/other/bizmkt//15-02.jpg,㈜금삼,999,28000,26700,㈜금삼,한국,101,0,2,100,,,1kg
[금삼]더덕세트특,359,15-02-01,http://bizmkt.interparkb2b.co.kr/data/goods/other/bizmkt//15-02-01.jpg,㈜금삼,999,49000,46700,㈜금삼,한국,101,0,2,100,,,2kg
장뇌삼,359,15-03,http://bizmkt.interparkb2b.co.kr/data/goods/other/bizmkt//15-03.jpg,한국산양삼산,999,220000,215000,한국산양삼산,한국,101,0,2,100,,,장뇌삼 10뿌리
[강원인삼농협]6년근 수삼,359,15-04,http://bizmkt.interparkb2b.co.kr/data/goods/other/bizmkt//15-04.jpg,강원인삼농협,999,96000,88900,강원인삼농협,한국,101,0,2,100,,,대 750g(9~10편)
[강원인삼농협]6년근 수삼,359,15-04-01,http://bizmkt.interparkb2b.co.kr/data/goods/other/bizmkt//15-04-01.jpg,강원인삼농협,999,110000,96800,강원인삼농협,한국,101,0,2,100,,,특대 750g(7~8편)
[강원인삼농협]6년근 수삼,359,15-04-02,http://bizmkt.interparkb2b.co.kr/data/goods/other/bizmkt//15-04-02.jpg,강원인삼농협,999,115000,104600,강원인삼농협,한국,101,0,2,100,,,왕대 750g(5~6편)
[정과원]백화고 혼합 3종세트,183,15-05,http://bizmkt.interparkb2b.co.kr/data/goods/other/bizmkt//15-05.jpg,정과원,999,124000,117800,정과원,한국,101,0,2,100,,,"백화고 110g, 백잣 250g, 호두 250g"
장흥표고세트,183,15-06,http://bizmkt.interparkb2b.co.kr/data/goods/other/bizmkt//15-06.jpg,청계영농조합,999,130000,116700,청계영농조합,한국,101,0,2,100,,,백화고 400g
장흥표고세트,183,15-06-01,http://bizmkt.interparkb2b.co.kr/data/goods/other/bizmkt//15-06-01.jpg,청계영농조합,999,70000,64500,청계영농조합,한국,101,0,2,100,,,흑화고 400g
장흥표고세트,183,15-06-02,http://bizmkt.interparkb2b.co.kr/data/goods/other/bizmkt//15-06-02.jpg,청계영농조합,999,100000,90000,청계영농조합,한국,101,0,2,100,,,"백화고 180g, 흑화고 160g"
장흥표고 혼합세트1호,183,15-07,http://bizmkt.interparkb2b.co.kr/data/goods/other/bizmkt//15-07.jpg,청계영농조합,999,60000,55600,청계영농조합,한국,101,0,2,100,,,"흑화고 250g, 표고채 80g, 흑화고가루 100g"
장흥표고 혼합세트3호,183,15-07-01,http://bizmkt.interparkb2b.co.kr/data/goods/other/bizmkt//15-07-01.jpg,청계영농조합,999,43000,40000,청계영농조합,한국,101,0,2,100,,,"동고 120g, 표고채 80g, 표고가루 100g×2"
장흥표고 실속세트,183,15-08,http://bizmkt.interparkb2b.co.kr/data/goods/other/bizmkt//15-08.jpg,청계영농조합,999,35000,31200,청계영농조합,한국,101,0,2,100,,,"동고 50g×2, 표고채 40g×2"
[영진표고]혼합세트,183,15-09,http://bizmkt.interparkb2b.co.kr/data/goods/other/bizmkt//15-09.jpg,영진표고,999,50000,45600,영진표고,한국,101,0,2,100,,,"표고 160g, 표고채 80g"
[백화농원]아카시아꿀일반,183,16-01,http://bizmkt.interparkb2b.co.kr/data/goods/other/bizmkt//16-01.jpg,백화농원,999,23000,21000,백화농원,한국,101,0,2,100,,,2.4kg
[백화농원]아카시아꿀프리미엄,183,16-01-01,http://bizmkt.interparkb2b.co.kr/data/goods/other/bizmkt//16-01-01.jpg,백화농원,999,46000,43200,백화농원,한국,101,0,2,100,,,2.4kg
[백화농원]매화도자기 토종꿀,183,16-02,http://bizmkt.interparkb2b.co.kr/data/goods/other/bizmkt//16-02.jpg,백화농원,999,39000,35300,백화농원,한국,101,0,2,100,,,1kg
[백화농원]흑매화 상감도자기 토종꿀,183,16-03,http://bizmkt.interparkb2b.co.kr/data/goods/other/bizmkt//16-03.jpg,백화농원,999,50000,47100,백화농원,한국,101,0,2,100,,,2kg
[한국양봉]청밀 벌꿀세트,183,16-04,http://bizmkt.interparkb2b.co.kr/data/goods/other/bizmkt//16-04.jpg,한국양봉농협,999,28000,26500,한국양봉농협,한국,101,0,2,100,,,"아카시아꿀 500g, 잡화꿀 500g"
[한국양봉]도자기 생꿀1호,183,16-05,http://bizmkt.interparkb2b.co.kr/data/goods/other/bizmkt//16-05.jpg,한국양봉농협,999,53000,48900,한국양봉농협,한국,101,0,2,100,,,1kg
[한국양봉]도자기 생꿀2호,183,16-05-01,http://bizmkt.interparkb2b.co.kr/data/goods/other/bizmkt//16-05-01.jpg,한국양봉농협,999,66000,61200,한국양봉농협,한국,101,0,2,100,,,2kg
[안성맞춤농협]안성쌀,183,16-06,http://bizmkt.interparkb2b.co.kr/data/goods/other/bizmkt//16-06.jpg,안성마춤농협조합,999,38000,36200,안성마춤농협조합,한국,101,0,2,100,,,10kg
[안성맞춤농협]안성쌀,183,16-06-01,http://bizmkt.interparkb2b.co.kr/data/goods/other/bizmkt//16-06-01.jpg,안성마춤농협조합,999,70000,67800,안성마춤농협조합,한국,101,0,2,100,,,20kg
[왕실옥미]경기미,183,16-07,http://bizmkt.interparkb2b.co.kr/data/goods/other/bizmkt//16-07.jpg,바로농산㈜,999,32000,28900,바로농산㈜,한국,101,0,2,100,,,10kg
[왕실옥미]경기미,183,16-07-01,http://bizmkt.interparkb2b.co.kr/data/goods/other/bizmkt//16-07-01.jpg,바로농산㈜,999,57000,52300,바로농산㈜,한국,101,0,2,100,,,20kg
[석문농협]해뜰마루쌀,183,16-08,http://bizmkt.interparkb2b.co.kr/data/goods/other/bizmkt//16-08.jpg,석문농업협동조합 미곡종합처리장,999,17000,16200,석문농업협동조합 미곡종합처리장,한국,101,0,2,100,,,4kg
[석문농협]해뜰마루쌀,183,16-08-01,http://bizmkt.interparkb2b.co.kr/data/goods/other/bizmkt//16-08-01.jpg,석문농업협동조합 미곡종합처리장,999,31000,29800,석문농업협동조합 미곡종합처리장,한국,101,0,2,100,,,10kg
[석문농협]해뜰마루쌀,183,16-08,http://bizmkt.interparkb2b.co.kr/data/goods/other/bizmkt//16-08.jpg,석문농업협동조합 미곡종합처리장,999,59000,56700,석문농업협동조합 미곡종합처리장,한국,101,0,2,100,,,20kg
[곡성농협] 맑은햇쌀(2012 햅쌀),183,16-09,http://bizmkt.interparkb2b.co.kr/data/goods/other/bizmkt//16-09.jpg,곡성농협,999,21000,20000,곡성농협,한국,101,0,2,100,,,5kg
[곡성농협] 맑은햇쌀(2012 햅쌀),183,16-09-01,http://bizmkt.interparkb2b.co.kr/data/goods/other/bizmkt//16-09-01.jpg,곡성농협,999,37000,35600,곡성농협,한국,101,0,2,100,,,10kg
[곡성농협] 맑은햇쌀(2012 햅쌀),183,16-09-02,http://bizmkt.interparkb2b.co.kr/data/goods/other/bizmkt//16-09-02.jpg,곡성농협,999,56500,53900,곡성농협,한국,101,0,2,100,,,15kg(5kg+10kg)
[곡성농협] 맑은햇쌀(2012 햅쌀),183,16-09-03,http://bizmkt.interparkb2b.co.kr/data/goods/other/bizmkt//16-09-03.jpg,곡성농협,999,69000,66700,곡성농협,한국,101,0,2,100,,,20kg
교동한과덩더쿵,259,17-01,http://bizmkt.interparkb2b.co.kr/data/goods/other/bizmkt//17-01.jpg,교동한과,999,58000,54500,교동한과,한국외,101,0,1,100,,,"유과, 강정, 약과"
교동한과오죽헌,259,17-01-01,http://bizmkt.interparkb2b.co.kr/data/goods/other/bizmkt//17-01-01.jpg,교동한과,999,93000,87800,교동한과,한국외,101,0,1,100,,,"유과, 강정, 한들곡식, 정과, 다식, 약과"
예원한과2단지함,259,17-02,http://bizmkt.interparkb2b.co.kr/data/goods/other/bizmkt//17-02.jpg,예원화과,999,34000,30000,예원화과,한국외,101,0,1,100,,,"강정, 유과, 다식, 매작과, 약과, 각종 당절임"
예원한과4단지함,259,17-02-01,http://bizmkt.interparkb2b.co.kr/data/goods/other/bizmkt//17-02-01.jpg,예원화과,999,57000,51400,예원화과,한국외,101,0,1,100,,,"강정, 유과,다식, 매작과, 약과, 각종 당절임"
[신궁전통한과]명품한과예작(3단),259,17-03,http://bizmkt.interparkb2b.co.kr/data/goods/other/bizmkt//17-03.jpg,㈜신궁전통한과,999,58000,53900,㈜신궁전통한과,한국외,101,0,1,100,,,"약과, 유과, 강정, 정과, 다식, 타래과"
[신궁전통한과]명품한과예과(3단),259,17-03-01,http://bizmkt.interparkb2b.co.kr/data/goods/other/bizmkt//17-03-01.jpg,㈜신궁전통한과,999,50000,46200,㈜신궁전통한과,한국외,101,0,1,100,,,"약과, 유과, 강정, 정과"
[신궁전통한과]명품한과예담(2단),259,17-03-02,http://bizmkt.interparkb2b.co.kr/data/goods/other/bizmkt//17-03-02.jpg,㈜신궁전통한과,999,34000,30900,㈜신궁전통한과,한국외,101,0,1,100,,,"약과, 유과, 강정"
[해올림한과]다정,259,17-04,http://bizmkt.interparkb2b.co.kr/data/goods/other/bizmkt//17-04.jpg,해올림,999,45000,38900,해올림,한국외,101,0,1,100,,,"유과, 약과, 강정, 다식, 타래과"
[해올림한과]해나루,259,17-05,http://bizmkt.interparkb2b.co.kr/data/goods/other/bizmkt//17-05.jpg,해올림,999,75000,67800,해올림,한국외,101,0,1,100,,,"유과, 약과, 강정, 다식, 타래과"
[미나미]화과자세트2호B,259,17-06,http://bizmkt.interparkb2b.co.kr/data/goods/other/bizmkt//17-06.jpg,㈜미나미,999,31000,29500,㈜미나미,한국외,101,0,1,100,,,"화과자 10구, 만주 10구"
[미나미]화과자세트5호,259,17-06-01,http://bizmkt.interparkb2b.co.kr/data/goods/other/bizmkt//17-06-01.jpg,㈜미나미,999,39000,36700,㈜미나미,한국외,101,0,1,100,,,화과자 20구
수예당 특선세트,259,17-07,http://bizmkt.interparkb2b.co.kr/data/goods/other/bizmkt//17-07.jpg,수예당화과자,999,45500,42800,수예당화과자,한국외,101,0,1,100,,,"총 20입(화과자 10입, 특선만주 5입, 과일만주 5입)"
수예당 행복세트,259,17-07-01,http://bizmkt.interparkb2b.co.kr/data/goods/other/bizmkt//17-07-01.jpg,수예당화과자,999,55000,52300,수예당화과자,한국외,101,0,1,100,,,"총 30입(화과자, 만주, 양갱)"
수예당 특선종합세트,259,17-08,http://bizmkt.interparkb2b.co.kr/data/goods/other/bizmkt//17-08.jpg,수예당화과자,999,73000,68900,수예당화과자,한국외,101,0,1,100,,,"2단 총 40입(화과자, 만주, 양갱, 플레르쁘띠, 모짜르트케잌)"
RexLon 와이드 전기그릴팬(4종)RL-1900,283,18-01,http://bizmkt.interparkb2b.co.kr/data/goods/other/bizmkt//18-01.jpg,뉴비코,999,85000,70000,뉴비코,한국,101,0,1,100,,,"본체, 기름종지, 마늘종지, 유리뚜껑, 그릴망, 온도조절기, 상품설명서"
독일 [기펠] MEGA 그릴MEGA,283,18-02,http://bizmkt.interparkb2b.co.kr/data/goods/other/bizmkt//18-02.jpg,기펠,999,78000,71200,기펠,한국,101,0,1,100,,,"본체, 기름받이컵, 상품설명서"
[BSW]피자팬,283,18-03,http://bizmkt.interparkb2b.co.kr/data/goods/other/bizmkt//18-03.jpg,아이엔에스,999,26000,23400,아이엔에스,중국,101,0,1,100,,,"본체, 유리뚜껑, 상품설명서"
[테팔]베르살리오 멀티쿠커FR-402373,283,18-04,http://bizmkt.interparkb2b.co.kr/data/goods/other/bizmkt//18-04.jpg,그룹세브,999,160000,144500,그룹세브,중국,101,0,1,100,,,"본체, 분리형전선, 유리뚜껑, 착탈식 디지털타이머. 스텐 튀김바구니, 요리책자"
[동양매직] 대용량 스테인레스 파워믹서기MIX-30R,282,18-05,http://bizmkt.interparkb2b.co.kr/data/goods/other/bizmkt//18-05.jpg,동양매직,999,99000,82300,동양매직,한국,101,0,1,100,,,"본체, 칼날, 설명서"
[쿠첸]전기압력밥솥(10인용)CPP-Q10LC21F,281,18-06,http://bizmkt.interparkb2b.co.kr/data/goods/other/bizmkt//18-06.jpg,㈜리홈론,999,170000,144500,㈜리홈론,한국,101,0,1,100,,,
[NUC]갤럭시 프리미엄 원액기NUC-1245JT,282,18-07,http://bizmkt.interparkb2b.co.kr/data/goods/other/bizmkt//18-07.jpg,NUC전자 ,999,319000,288900,NUC전자 ,한국,101,0,1,100,,,"본체, 원액추출용기, 회전와이퍼, 착즙망, 원액스크류, 용기뚜껑, 호퍼, 누름봉, 원액컵, 섬유질용기, 회전솔, 청소솔, 사용설명서, 퀵가이드, 레시피북, 두부제조세트(두부틀, 누름판, 거름포)"
뮬렉스 스마트 프라이어,284,18-08,http://bizmkt.interparkb2b.co.kr/data/goods/other/bizmkt//18-08.jpg,뮬렉스,999,280000,244500,뮬렉스,중국,101,0,1,100,,,"본체, 칸막이, 바스켓 받침대, 미끄럼방지 실리콘 外"
독일 [기펠] 칼블럭 5종세트레볼루션,301,19-01,http://bizmkt.interparkb2b.co.kr/data/goods/other/bizmkt//19-01.jpg,기펠,999,50000,41600,기펠,중국,101,0,1,100,,,"식도, 산토쿠, 유틸리티, 과도, 블럭"
독일 [기펠] 항균도마세트레볼루션,301,19-02,http://bizmkt.interparkb2b.co.kr/data/goods/other/bizmkt//19-02.jpg,기펠,999,39000,35700,기펠,한국,101,0,1,100,,,"생선용, 야채용, 블록"
[락앤락]비스프리 테이블탑(20P),299,19-03,http://bizmkt.interparkb2b.co.kr/data/goods/other/bizmkt//19-03.jpg,(주)락앤락,999,34000,28800,(주)락앤락,한국,101,0,1,100,,,"원형(150ml, 370ml), 정사각(380ml, 580ml), 직사각(460ml, 760ml×2), 돔형(420ml)"
글라스락 강화유리 밀폐용기(7조)GL-D0107,299,19-04,http://bizmkt.interparkb2b.co.kr/data/goods/other/bizmkt//19-04.jpg,삼광유리,999,25000,16700,삼광유리,한국,101,0,1,100,,,"직사각 유리용기(715ml×2, 400ml×2, 150ml×2), 쉐이커"
글라스락 테이퍼 12조GL-D0012,299,19-05,http://bizmkt.interparkb2b.co.kr/data/goods/other/bizmkt//19-05.jpg,삼광유리,999,38000,34500,삼광유리,한국,101,0,1,100,,,"정테이퍼(920ml×3, 500ml×3), 원테이퍼(730ml×3, 410ml×3)"
[락앤락]밀폐용기 집들이세트(27P),299,19-06,http://bizmkt.interparkb2b.co.kr/data/goods/other/bizmkt//19-06.jpg,(주)락앤락,999,36000,27800,(주)락앤락,한국,101,0,1,100,,,"직사각(470ml×2, 1L×2, 1L(칸칸), 1.9L, 2.3L, 5.5L), 원형(300ml×2, 890ml×2)"
독일 [기펠] 수 셰프 그릴SOUS Chef,297,19-07,http://bizmkt.interparkb2b.co.kr/data/goods/other/bizmkt//19-07.jpg,기펠,999,50000,32200,기펠,한국,101,0,1,100,,,"본체, 스텐망, 기름받이"
[WMF] 프리미엄 냄비세트,297,19-08,http://bizmkt.interparkb2b.co.kr/data/goods/other/bizmkt//19-08.jpg,WMF,999,74000,68500,WMF,중국,101,0,1,100,,,"16cm 로우, 16cm 소스팬"
[WMF] 디아뎀 플러스 곰솥,297,19-09,http://bizmkt.interparkb2b.co.kr/data/goods/other/bizmkt//19-09.jpg,WMF,999,119000,110000,WMF,중국,101,0,1,100,,,용량: 8.3L
독일 [가이타이너]3중 압력솥가이타이너,297,20-01,http://bizmkt.interparkb2b.co.kr/data/goods/other/bizmkt//20-01.jpg,Geithainer,999,62500,57800,Geithainer,중국,101,0,1,100,,,"4.5L 본체, 압력뚜껑"
[해피콜]후라이팬세트블랙에디션,297,20-02,http://bizmkt.interparkb2b.co.kr/data/goods/other/bizmkt//20-02.jpg,㈜해피콜,999,89000,82300,㈜해피콜,한국,101,0,1,100,,,"28cm(포셀팬, 궁중팬, 그릴팬, 뚜껑), 20cm 통삼중 양수냄비"
[해피콜]하드세라믹 냄비세트(4종),297,20-03,http://bizmkt.interparkb2b.co.kr/data/goods/other/bizmkt//20-03.jpg,㈜해피콜,999,89000,81200,㈜해피콜,한국,101,0,1,100,,,"18cm 편수, 20cm 양수, 24cm 전골, 24cm 곰솥(추가: 찜기, 실리콘손잡이)"
[테팔]심플리 후라이팬(3종),297,20-04,http://bizmkt.interparkb2b.co.kr/data/goods/other/bizmkt//20-04.jpg,세브코리아,999,100000,60000,세브코리아,프랑스,101,0,1,100,,,"24', 28' 후라이팬, 28' 유리뚜껑"
[테팔]스마트터치 홈세트,297,20-05,http://bizmkt.interparkb2b.co.kr/data/goods/other/bizmkt//20-05.jpg,그룹세브,999,116000,105600,그룹세브,프랑스,101,0,1,100,,,"28cm 후라이팬, 28cm 궁중팬, 26cm 그릴팬, 유리뚜껑, 실리콘받침"
[휘슬러]글라스라인 냄비(4종),297,20-06,http://bizmkt.interparkb2b.co.kr/data/goods/other/bizmkt//20-06.jpg,휘슬러,999,360000,333400,휘슬러,독일,101,0,1,100,,,"16' 높은양수, 20' 낮은양수, 20' 높은 양수, 24' 양수"
[렉스론]듀폰타이벡 온열카페트(퀸)RL-1520,276,20-07,http://bizmkt.interparkb2b.co.kr/data/goods/other/bizmkt//20-07.jpg,세일,999,150000,133400,세일,한국,101,0,1,100,,,"1500×2000(±5)mm 본체, 온도조절기, 상품설명서"
[보이로]독일 전기요UB33,276,20-08,http://bizmkt.interparkb2b.co.kr/data/goods/other/bizmkt//20-08.jpg,beurer,999,105000,94500,beurer,헝가리,101,0,1,100,,,사이즈: 800×1500×10mm
[세사리빙]메이플 러그,276,20-09,http://bizmkt.interparkb2b.co.kr/data/goods/other/bizmkt//20-09.jpg,웰크론,999,36000,33400,웰크론,한국,101,0,1,100,,,사이즈: 140×200cm 카페트
[락앤락]리빙박스,305,21-01,http://bizmkt.interparkb2b.co.kr/data/goods/other/bizmkt//21-01.jpg,(주)락앤락,999,62000,57600,(주)락앤락,중국,101,0,1,100,,,사이즈: 55L×4
[코사스 유나이티드]ABS 여행용캐리어(20인치)CSS1251A-20S,445,21-02,http://bizmkt.interparkb2b.co.kr/data/goods/other/bizmkt//21-02.jpg,코사스 유나이티드,999,90000,83400,코사스 유나이티드,중국,101,0,1,100,,,"사이즈: 31×53×23cm), 무게: 2.9kg"
[코사스 유나이티드]ABS 여행용캐리어(24인치)CSS1251A-24S,445,21-02-01,http://bizmkt.interparkb2b.co.kr/data/goods/other/bizmkt//21-02-01.jpg,코사스 유나이티드,999,105000,94500,코사스 유나이티드,중국,101,0,1,100,,,"사이즈: 38×62×26cm), 무게: 3.8kg"
[Le-Voci]이태리 기내용 캐리어20인치,445,21-03,http://bizmkt.interparkb2b.co.kr/data/goods/other/bizmkt//21-03.jpg,르보치,999,90000,83400,르보치,중국,101,0,1,100,,,"사이즈: 20인치(37×56×23cm), 24인치(42×61×29.5cm), 무게: 3.4kg/4.4kg, 4바퀴, 색상: 브라운, 실버"
[Le-Voci]이태리 기내용 캐리어20+24인치,445,21-03-01,http://bizmkt.interparkb2b.co.kr/data/goods/other/bizmkt//21-03-01.jpg,르보치,999,195000,177800,르보치,중국,101,0,1,100,,,"사이즈: 20인치(37×56×23cm), 24인치(42×61×29.5cm), 무게: 3.4kg/4.4kg, 4바퀴, 색상: 브라운, 실버"
[마미로봇]뽀로 물걸레 로봇청소기K3,288,21-04,http://bizmkt.interparkb2b.co.kr/data/goods/other/bizmkt//21-04.jpg,㈜마미로봇,999,300000,277800,㈜마미로봇,한국,101,0,1,100,,,"색상: 와인, 오렌지, 실버, 화이트, 라임, 티타늄"
[레이캅]침구전용 살균청소기BG-200HP/YG,288,21-05,http://bizmkt.interparkb2b.co.kr/data/goods/other/bizmkt//21-05.jpg,아이리버,999,110000,100000,아이리버,한국,101,0,1,100,,,"색상: 핑크, 옐로우"
[먼지따로]New 블루청소기VC-TU622,288,21-06,http://bizmkt.interparkb2b.co.kr/data/goods/other/bizmkt//21-06.jpg,삼성전자,999,108000,97800,삼성전자,베트남,101,0,1,100,,,색상: 펄블루
코오롱 코펠 경질세트(3~4인용),439,21-07,http://bizmkt.interparkb2b.co.kr/data/goods/other/bizmkt//21-07.jpg,㈜코오롱 인더스트리,999,59000,54400,㈜코오롱 인더스트리,한국,101,0,1,100,,,"코펠 2L, 뚜껑, 다용도 주전자 1.2L, 주전자 뚜껑, 주걱, 국자, 공기×3, 15후라이팬 0.8L"
[나인뷰]전후방 차량용 블랙박스2채널 FRIENDS(16G),456,21-08,http://bizmkt.interparkb2b.co.kr/data/goods/other/bizmkt//21-08.jpg,㈜다스,999,250000,233400,㈜다스,한국,101,0,1,100,,,"본체, 매뉴얼, 마이크로 SD카드(각 8G), 시거잭, 케이블정리선"
[아이리버]HD급 블랙박스X350(8G),456,21-09,http://bizmkt.interparkb2b.co.kr/data/goods/other/bizmkt//21-09.jpg,아이리버,999,180000,166700,아이리버,한국,101,0,1,100,,,"본체, 전원 카케이블, 설치 액세서리, 설명서"